route_climb_id,route_id,member_id,route_climb_start_datetime,route_climb_end_datetime,route_climb_rating
1,18,15,2024/04/01 22:02:35,2024/04/01 22:04:04,6
2,30,3,2024/01/03 17:47:13,2024/01/03 17:49:08,10
3,6,36,2024/10/14 10:28:54,2024/10/14 10:29:54,4
4,16,33,2024/11/29 2:56:01,2024/11/29 2:57:46,1
5,4,24,2024/10/24 12:38:18,2024/10/24 12:39:47,1
6,17,45,2024/07/28 15:51:25,2024/07/28 15:53:44,4
7,13,48,2024/07/03 1:26:33,2024/07/03 1:28:19,1
8,24,34,2024/11/25 15:45:20,2024/11/25 15:46:20,9
9,17,32,2024/06/21 2:42:56,2024/06/21 2:44:21,7
10,22,21,2024/11/05 9:30:38,2024/11/05 9:32:25,5
11,1,29,2024/11/13 3:52:12,2024/11/13 3:54:11,9
12,24,9,2024/05/19 14:59:32,2024/05/19 15:00:52,8
13,5,20,2024/10/09 5:11:50,2024/10/09 5:13:03,7
14,23,24,2024/06/20 15:54:55,2024/06/20 15:57:02,7
15,30,27,2024/11/10 12:17:44,2024/11/10 12:20:07,7
16,10,26,2024/11/07 19:23:20,2024/11/07 19:26:05,7
17,10,18,2024/06/04 12:17:08,2024/06/04 12:18:50,5
18,17,41,2024/04/08 23:46:44,2024/04/08 23:47:54,6
19,14,18,2024/09/20 4:27:56,2024/09/20 4:29:06,9
20,4,14,2024/08/05 8:17:34,2024/08/05 8:19:17,7
21,8,1,2024/05/09 14:25:55,2024/05/09 14:27:39,3
22,19,28,2024/10/07 16:26:56,2024/10/07 16:29:40,9
23,4,38,2024/10/10 8:16:26,2024/10/10 8:17:28,4
24,24,26,2024/05/10 21:53:47,2024/05/10 21:55:59,10
25,19,4,2024/11/14 19:41:22,2024/11/14 19:43:34,8
26,21,42,2024/10/31 21:51:55,2024/10/31 21:54:15,8
27,17,46,2024/10/09 8:56:55,2024/10/09 8:58:00,1
28,7,40,2024/01/18 12:36:07,2024/01/18 12:38:22,4
29,1,43,2024/08/23 16:03:24,2024/08/23 16:05:47,2
30,7,27,2024/03/10 23:58:50,2024/03/11 0:01:26,8
31,22,16,2024/03/01 19:29:54,2024/03/01 19:32:18,9
32,26,32,2024/11/26 5:45:28,2024/11/26 5:47:51,2
33,9,38,2024/01/04 22:23:32,2024/01/04 22:25:42,6
34,5,32,2024/05/15 7:20:50,2024/05/15 7:23:11,10
35,14,48,2024/12/15 5:31:40,2024/12/15 5:34:01,10
36,9,27,2024/04/19 10:39:08,2024/04/19 10:41:16,5
37,27,17,2024/06/01 23:43:14,2024/06/01 23:44:23,2
38,8,4,2024/04/19 22:00:10,2024/04/19 22:02:01,10
39,8,44,2024/11/30 23:50:31,2024/11/30 23:52:31,7
40,15,33,2024/08/10 3:36:10,2024/08/10 3:38:41,9
41,19,1,2024/05/12 15:23:46,2024/05/12 15:25:50,8
42,28,43,2024/04/23 23:12:42,2024/04/23 23:15:32,5
43,15,33,2024/03/25 6:10:44,2024/03/25 6:12:07,1
44,30,9,2024/01/02 17:38:09,2024/01/02 17:40:38,6
45,1,44,2024/03/28 3:49:01,2024/03/28 3:50:56,7
46,28,1,2024/05/19 8:18:11,2024/05/19 8:19:41,10
47,19,31,2024/07/15 18:46:24,2024/07/15 18:48:27,9
48,21,4,2024/03/16 15:43:42,2024/03/16 15:46:24,1
49,17,9,2024/01/30 12:41:59,2024/01/30 12:44:48,10
50,14,44,2024/08/30 9:40:44,2024/08/30 9:43:01,6
51,21,13,2024/09/22 17:29:44,2024/09/22 17:31:56,1
52,1,24,2024/02/28 5:20:47,2024/02/28 5:21:47,10
53,11,18,2024/07/03 22:03:30,2024/07/03 22:04:31,1
54,12,12,2024/12/01 17:55:24,2024/12/01 17:58:01,1
55,19,22,2024/07/05 4:59:32,2024/07/05 5:01:32,2
56,5,13,2024/05/02 12:25:09,2024/05/02 12:26:37,4
57,29,42,2024/11/28 19:11:59,2024/11/28 19:13:01,9
58,24,25,2023/12/30 14:21:44,2023/12/30 14:23:32,6
59,8,15,2024/10/27 23:39:19,2024/10/27 23:40:46,5
60,25,46,2024/05/10 22:58:54,2024/05/10 23:00:33,8
61,13,24,2024/06/04 22:50:20,2024/06/04 22:52:14,3
62,19,6,2024/04/13 15:38:56,2024/04/13 15:40:56,5
63,16,47,2024/10/08 19:02:19,2024/10/08 19:03:51,1
64,29,19,2024/05/07 22:40:16,2024/05/07 22:41:50,1
65,23,36,2024/10/21 7:58:24,2024/10/21 8:00:50,10
66,11,47,2024/09/02 18:05:08,2024/09/02 18:06:57,10
67,10,34,2024/10/16 15:24:22,2024/10/16 15:26:50,4
68,30,9,2024/05/29 22:25:10,2024/05/29 22:27:07,2
69,14,41,2024/04/22 21:21:41,2024/04/22 21:22:47,9
70,1,36,2024/05/12 8:57:42,2024/05/12 8:58:49,5
71,10,25,2024/02/17 15:05:51,2024/02/17 15:07:52,4
72,10,18,2024/09/14 16:36:51,2024/09/14 16:39:13,1
73,4,39,2024/02/02 23:30:48,2024/02/02 23:33:24,4
74,26,28,2024/01/23 14:25:54,2024/01/23 14:28:18,4
75,8,14,2024/01/24 19:09:29,2024/01/24 19:11:44,1
76,20,47,2024/04/05 14:04:54,2024/04/05 14:07:17,6
77,27,28,2024/12/16 9:55:23,2024/12/16 9:57:03,7
78,21,39,2024/12/21 10:58:21,2024/12/21 10:59:27,7
79,17,9,2024/07/07 13:30:54,2024/07/07 13:33:46,4
80,9,46,2024/08/17 13:24:36,2024/08/17 13:26:56,4
81,22,27,2024/08/23 11:55:44,2024/08/23 11:58:15,6
82,26,27,2024/02/01 12:20:38,2024/02/01 12:22:49,5
83,26,37,2024/04/21 7:38:18,2024/04/21 7:40:21,1
84,9,31,2024/10/25 4:18:45,2024/10/25 4:20:48,2
85,15,5,2024/05/26 17:36:09,2024/05/26 17:39:00,7
86,24,7,2024/12/12 21:16:35,2024/12/12 21:18:13,3
87,18,3,2024/05/16 20:23:46,2024/05/16 20:25:15,1
88,19,35,2024/08/24 11:45:00,2024/08/24 11:46:42,10
89,27,25,2024/02/06 23:42:31,2024/02/06 23:44:13,3
90,6,21,2024/12/07 9:55:50,2024/12/07 9:57:33,4
91,17,7,2024/02/01 14:51:43,2024/02/01 14:53:33,4
92,29,39,2024/08/30 1:35:03,2024/08/30 1:36:26,1
93,16,13,2024/11/05 10:28:15,2024/11/05 10:30:37,4
94,16,20,2023/12/22 18:44:56,2023/12/22 18:46:15,6
95,22,21,2024/10/21 11:54:50,2024/10/21 11:56:26,3
96,30,14,2024/02/05 17:02:09,2024/02/05 17:03:19,9
97,13,26,2024/09/12 0:32:03,2024/09/12 0:33:54,1
98,30,28,2024/07/21 8:45:09,2024/07/21 8:47:26,4
99,6,46,2024/05/12 19:50:22,2024/05/12 19:51:35,10
100,18,26,2024/02/22 2:13:32,2024/02/22 2:16:18,1
101,13,1,2024/07/18 14:17:45,2024/07/18 14:20:29,3
102,15,28,2024/06/30 12:45:46,2024/06/30 12:47:19,8
103,12,36,2024/10/01 4:43:03,2024/10/01 4:44:38,5
104,28,41,2024/09/29 1:56:15,2024/09/29 1:57:58,6
105,19,32,2024/11/02 15:30:03,2024/11/02 15:31:37,9
106,11,29,2024/05/05 4:38:43,2024/05/05 4:40:38,10
107,30,22,2024/08/16 12:03:49,2024/08/16 12:04:51,5
108,10,3,2024/03/07 10:53:38,2024/03/07 10:56:08,1
109,17,26,2024/03/06 9:07:52,2024/03/06 9:09:44,7
110,6,25,2024/07/21 7:07:02,2024/07/21 7:08:32,4
111,19,40,2024/12/04 10:43:04,2024/12/04 10:44:20,10
112,24,49,2024/11/05 6:13:23,2024/11/05 6:15:40,3
113,11,35,2024/04/19 18:53:42,2024/04/19 18:55:48,9
114,11,41,2024/10/10 12:53:19,2024/10/10 12:55:21,9
115,6,28,2024/03/11 11:58:51,2024/03/11 12:01:44,5
116,16,29,2024/05/27 11:09:23,2024/05/27 11:11:01,2
117,24,39,2024/07/07 15:06:10,2024/07/07 15:07:55,5
118,12,13,2024/07/25 22:18:37,2024/07/25 22:20:50,3
119,27,15,2024/11/20 13:50:30,2024/11/20 13:52:36,5
120,25,6,2024/02/23 19:39:55,2024/02/23 19:42:28,1
121,2,8,2024/05/15 17:48:41,2024/05/15 17:51:17,6
122,14,7,2024/04/08 18:38:26,2024/04/08 18:41:00,9
123,8,6,2024/06/09 0:39:23,2024/06/09 0:41:52,3
124,10,3,2024/07/03 21:08:44,2024/07/03 21:11:28,10
125,1,40,2024/02/26 18:42:16,2024/02/26 18:43:31,7
126,1,1,2024/02/06 1:56:45,2024/02/06 1:59:21,1
127,24,40,2024/03/30 16:11:13,2024/03/30 16:13:14,2
128,19,8,2024/02/07 12:53:46,2024/02/07 12:55:22,1
129,30,24,2024/10/23 12:55:39,2024/10/23 12:58:19,4
130,4,26,2024/01/08 7:38:26,2024/01/08 7:41:18,9
131,23,27,2024/12/12 8:31:54,2024/12/12 8:33:45,7
132,26,8,2024/07/07 2:01:06,2024/07/07 2:03:36,8
133,25,15,2024/04/30 23:16:34,2024/04/30 23:19:06,1
134,9,30,2024/03/02 23:06:53,2024/03/02 23:08:03,3
135,17,4,2024/01/21 8:13:13,2024/01/21 8:16:06,9
136,23,4,2024/04/15 9:10:12,2024/04/15 9:11:19,4
137,6,49,2024/07/26 10:41:43,2024/07/26 10:42:59,6
138,8,15,2024/04/16 14:13:33,2024/04/16 14:14:39,2
139,20,3,2024/06/02 12:48:50,2024/06/02 12:49:58,5
140,12,37,2024/09/25 11:27:37,2024/09/25 11:30:16,9
141,1,30,2024/02/02 20:51:21,2024/02/02 20:53:17,6
142,12,19,2024/11/23 15:37:53,2024/11/23 15:40:46,10
143,6,29,2024/03/03 13:01:29,2024/03/03 13:03:10,10
144,1,22,2024/11/09 5:15:52,2024/11/09 5:17:34,6
145,1,26,2024/10/26 6:28:47,2024/10/26 6:31:38,1
146,14,41,2024/10/15 21:10:22,2024/10/15 21:12:25,10
147,10,23,2024/06/27 13:25:11,2024/06/27 13:26:30,4
148,25,21,2024/12/18 6:38:05,2024/12/18 6:40:56,6
149,27,33,2024/01/12 16:25:52,2024/01/12 16:27:29,3
150,22,4,2024/02/24 20:13:46,2024/02/24 20:16:37,8
151,25,37,2024/05/29 12:32:39,2024/05/29 12:33:39,9
152,4,4,2024/04/04 8:35:47,2024/04/04 8:37:22,7
153,7,10,2024/08/11 2:41:52,2024/08/11 2:43:45,3
154,29,17,2024/02/06 19:33:43,2024/02/06 19:34:45,10
155,29,34,2024/03/18 9:17:09,2024/03/18 9:20:00,2
156,17,1,2024/06/03 5:57:56,2024/06/03 6:00:00,6
157,29,19,2024/03/02 15:09:48,2024/03/02 15:11:18,5
158,27,24,2024/08/31 5:30:55,2024/08/31 5:32:50,1
159,28,42,2024/04/06 6:14:41,2024/04/06 6:16:07,7
160,23,29,2024/06/09 8:39:51,2024/06/09 8:40:56,5
161,4,34,2024/05/05 11:20:15,2024/05/05 11:21:24,5
162,18,48,2024/04/28 4:56:30,2024/04/28 4:57:49,7
163,13,34,2024/07/22 18:11:17,2024/07/22 18:13:27,9
164,24,17,2024/01/11 8:01:29,2024/01/11 8:02:40,7
165,20,44,2024/10/16 23:31:42,2024/10/16 23:33:27,3
166,13,20,2024/06/25 0:05:54,2024/06/25 0:08:17,10
167,27,34,2024/09/13 19:04:05,2024/09/13 19:06:39,1
168,13,37,2024/01/10 16:52:12,2024/01/10 16:53:25,7
169,5,31,2024/02/19 12:25:09,2024/02/19 12:27:01,8
170,16,20,2024/03/03 18:31:09,2024/03/03 18:32:16,4
171,5,40,2024/11/08 11:51:54,2024/11/08 11:53:52,7
172,8,10,2024/10/24 1:58:13,2024/10/24 2:00:05,7
173,24,39,2024/05/30 17:50:42,2024/05/30 17:53:23,3
174,23,8,2024/08/15 22:54:04,2024/08/15 22:55:21,3
175,27,26,2024/05/20 5:55:33,2024/05/20 5:58:15,9
176,21,24,2024/03/30 12:04:56,2024/03/30 12:06:47,1
177,17,14,2024/08/05 0:28:42,2024/08/05 0:30:33,1
178,18,31,2024/11/20 15:32:26,2024/11/20 15:34:53,7
179,15,33,2024/11/17 2:31:45,2024/11/17 2:33:35,5
180,14,15,2024/06/03 14:05:41,2024/06/03 14:07:32,10
181,9,28,2024/05/14 14:43:28,2024/05/14 14:45:23,2
182,3,4,2024/10/22 23:17:16,2024/10/22 23:20:08,4
183,11,6,2024/05/31 16:29:04,2024/05/31 16:30:08,10
184,5,19,2024/06/24 1:55:30,2024/06/24 1:56:57,5
185,13,46,2024/10/31 21:35:19,2024/10/31 21:36:50,3
186,26,15,2024/03/14 5:39:06,2024/03/14 5:40:14,5
187,5,14,2024/11/14 0:56:59,2024/11/14 0:59:18,9
188,19,44,2024/10/08 14:39:42,2024/10/08 14:41:39,1
189,3,15,2024/03/29 20:57:22,2024/03/29 20:59:07,8
190,14,21,2024/03/21 17:19:51,2024/03/21 17:21:27,7
191,14,35,2024/04/23 12:21:42,2024/04/23 12:23:25,3
192,22,19,2024/04/15 6:26:42,2024/04/15 6:29:26,4
193,9,35,2024/06/09 1:29:17,2024/06/09 1:31:11,8
194,8,33,2024/11/28 8:00:42,2024/11/28 8:03:14,2
195,13,17,2024/03/05 18:49:12,2024/03/05 18:51:36,4
196,6,4,2024/03/28 4:42:32,2024/03/28 4:44:28,8
197,20,10,2024/07/17 14:27:28,2024/07/17 14:30:16,7
198,30,21,2024/09/04 19:10:40,2024/09/04 19:13:03,2
199,19,37,2024/09/25 18:51:07,2024/09/25 18:53:29,5
200,26,41,2024/06/18 19:04:49,2024/06/18 19:05:52,6
201,13,36,2024/08/03 22:21:59,2024/08/03 22:23:04,2
202,15,45,2024/08/21 3:20:15,2024/08/21 3:22:24,8
203,21,33,2024/01/09 12:10:24,2024/01/09 12:11:56,5
204,25,42,2024/10/21 19:21:41,2024/10/21 19:24:25,2
205,15,24,2024/04/20 22:31:55,2024/04/20 22:33:15,10
206,17,13,2024/07/09 6:00:45,2024/07/09 6:03:33,10
207,19,36,2024/07/09 6:17:47,2024/07/09 6:20:27,10
208,22,31,2023/12/24 20:31:00,2023/12/24 20:33:14,8
209,9,30,2024/07/15 13:55:02,2024/07/15 13:57:19,6
210,13,11,2024/01/01 3:09:56,2024/01/01 3:12:32,3
211,9,37,2023/12/22 16:50:36,2023/12/22 16:51:46,3
212,12,3,2024/02/18 7:42:12,2024/02/18 7:44:54,1
213,7,7,2024/04/07 1:16:26,2024/04/07 1:18:52,3
214,18,26,2024/08/11 3:34:39,2024/08/11 3:36:46,6
215,9,17,2024/06/02 20:02:20,2024/06/02 20:04:34,3
216,16,38,2024/08/05 22:35:09,2024/08/05 22:36:29,10
217,19,19,2024/01/07 1:09:31,2024/01/07 1:12:13,4
218,14,13,2024/08/23 11:12:49,2024/08/23 11:14:51,8
219,22,1,2024/12/18 14:31:51,2024/12/18 14:34:43,5
220,8,9,2024/04/04 4:35:24,2024/04/04 4:37:01,1
221,6,5,2024/11/01 2:55:07,2024/11/01 2:56:24,7
222,23,2,2024/09/14 18:38:07,2024/09/14 18:40:16,7
223,3,15,2024/07/10 23:35:46,2024/07/10 23:36:46,6
224,27,38,2024/10/22 8:23:03,2024/10/22 8:25:52,3
225,23,16,2024/05/15 15:46:42,2024/05/15 15:47:57,6
226,16,9,2024/03/18 22:21:07,2024/03/18 22:23:53,2
227,3,38,2024/09/15 20:52:57,2024/09/15 20:55:26,3
228,13,11,2024/08/08 5:05:36,2024/08/08 5:08:06,1
229,28,45,2024/11/12 4:36:13,2024/11/12 4:37:13,3
230,22,3,2024/12/21 7:33:29,2024/12/21 7:35:27,5
231,25,13,2024/06/30 0:13:33,2024/06/30 0:15:06,4
232,17,34,2024/02/01 19:08:58,2024/02/01 19:11:18,8
233,23,8,2024/03/18 18:57:10,2024/03/18 18:58:44,3
234,12,34,2024/12/03 14:34:25,2024/12/03 14:36:28,8
235,30,19,2024/07/09 14:49:09,2024/07/09 14:51:52,8
236,18,21,2024/05/19 16:29:45,2024/05/19 16:32:24,5
237,20,10,2024/10/14 22:12:03,2024/10/14 22:14:07,7
238,23,8,2024/12/02 10:25:56,2024/12/02 10:27:44,6
239,1,14,2024/11/17 3:12:06,2024/11/17 3:14:37,5
240,29,2,2024/04/07 20:17:43,2024/04/07 20:19:42,2
241,6,18,2024/02/01 3:42:13,2024/02/01 3:44:50,9
242,30,8,2024/08/30 7:36:59,2024/08/30 7:38:37,4
243,6,1,2024/02/04 7:06:24,2024/02/04 7:08:52,9
244,2,10,2024/01/14 22:58:51,2024/01/14 23:00:08,5
245,1,36,2024/10/17 19:59:43,2024/10/17 20:01:58,8
246,3,37,2024/05/30 3:19:41,2024/05/30 3:22:20,5
247,25,19,2023/12/31 23:57:19,2023/12/31 23:59:40,10
248,20,22,2024/09/14 7:06:21,2024/09/14 7:09:03,1
249,10,7,2023/12/23 13:47:06,2023/12/23 13:48:25,5
250,20,4,2024/05/23 22:42:45,2024/05/23 22:45:33,7
251,22,43,2024/07/19 18:37:49,2024/07/19 18:40:25,9
252,17,46,2024/07/05 9:15:01,2024/07/05 9:17:38,6
253,6,8,2024/11/14 10:09:37,2024/11/14 10:11:57,8
254,12,25,2024/05/19 4:28:55,2024/05/19 4:30:14,9
255,18,1,2024/07/01 4:54:45,2024/07/01 4:56:47,5
256,1,16,2023/12/23 7:58:30,2023/12/23 8:00:47,5
257,10,22,2024/10/07 2:33:58,2024/10/07 2:36:30,1
258,6,17,2024/12/04 21:24:32,2024/12/04 21:26:16,2
259,5,33,2023/12/31 8:08:39,2023/12/31 8:11:11,5
260,30,27,2024/07/16 2:14:58,2024/07/16 2:17:45,5
261,3,48,2024/02/05 4:54:39,2024/02/05 4:57:23,4
262,19,13,2024/01/05 0:50:43,2024/01/05 0:53:02,2
263,30,8,2024/10/23 14:14:39,2024/10/23 14:16:43,2
264,18,17,2024/07/05 16:46:18,2024/07/05 16:47:22,4
265,11,30,2024/07/18 1:15:47,2024/07/18 1:17:32,8
266,1,22,2024/04/02 17:53:10,2024/04/02 17:55:31,7
267,22,3,2024/10/31 5:25:03,2024/10/31 5:26:48,7
268,7,9,2024/10/12 14:24:16,2024/10/12 14:26:33,8
269,15,22,2024/05/24 13:52:21,2024/05/24 13:54:36,3
270,28,23,2024/01/01 21:59:39,2024/01/01 22:01:12,7
271,5,49,2024/12/05 2:57:25,2024/12/05 3:00:03,3
272,21,40,2024/07/25 20:28:40,2024/07/25 20:30:31,7
273,23,10,2024/03/05 6:55:01,2024/03/05 6:57:33,4
274,12,44,2024/08/31 15:44:45,2024/08/31 15:46:16,7
275,14,32,2024/11/23 22:12:39,2024/11/23 22:13:59,3
276,16,49,2023/12/28 11:08:51,2023/12/28 11:11:26,5
277,11,10,2024/08/05 9:16:45,2024/08/05 9:19:23,5
278,19,11,2024/02/29 8:43:57,2024/02/29 8:46:05,10
279,8,44,2024/01/15 14:23:40,2024/01/15 14:25:14,1
280,13,29,2024/07/08 1:59:08,2024/07/08 2:01:45,8
281,4,6,2024/09/21 18:51:49,2024/09/21 18:53:42,1
282,9,4,2024/08/03 8:00:53,2024/08/03 8:03:24,1
283,28,3,2024/08/06 10:05:55,2024/08/06 10:07:55,4
284,22,30,2024/09/09 9:40:22,2024/09/09 9:41:22,3
285,18,15,2024/05/07 16:02:31,2024/05/07 16:03:50,6
286,17,40,2024/11/01 16:48:16,2024/11/01 16:49:28,9
287,12,46,2024/03/07 17:03:53,2024/03/07 17:05:30,8
288,9,35,2024/05/15 5:43:00,2024/05/15 5:44:22,7
289,1,12,2024/02/21 20:40:20,2024/02/21 20:42:08,8
290,7,39,2024/09/27 19:42:02,2024/09/27 19:43:27,3
291,5,37,2024/02/13 13:33:02,2024/02/13 13:34:15,10
292,30,34,2024/01/24 20:48:52,2024/01/24 20:50:09,7
293,21,39,2024/07/14 6:24:34,2024/07/14 6:27:12,3
294,10,25,2024/05/10 2:50:13,2024/05/10 2:52:33,8
295,21,25,2024/10/13 14:42:15,2024/10/13 14:43:51,10
296,2,41,2024/06/14 22:54:59,2024/06/14 22:57:02,10
297,10,17,2024/08/27 15:04:28,2024/08/27 15:06:18,7
298,1,20,2024/01/12 1:37:26,2024/01/12 1:39:11,1
299,7,47,2024/06/10 13:01:15,2024/06/10 13:02:41,6
300,10,33,2024/07/20 1:56:40,2024/07/20 1:58:27,8
301,27,11,2024/02/22 20:41:53,2024/02/22 20:44:29,6
302,28,27,2024/04/30 17:34:50,2024/04/30 17:37:13,3
303,2,40,2024/01/11 2:40:02,2024/01/11 2:41:09,7
304,25,47,2024/09/20 4:33:48,2024/09/20 4:35:47,9
305,26,13,2024/04/03 11:29:06,2024/04/03 11:31:35,1
306,30,36,2024/09/04 19:43:12,2024/09/04 19:44:44,4
307,19,18,2024/10/29 8:08:04,2024/10/29 8:09:38,8
308,15,23,2024/11/04 7:28:26,2024/11/04 7:30:39,8
309,21,39,2024/02/02 11:25:29,2024/02/02 11:27:42,7
310,11,12,2024/06/17 20:41:28,2024/06/17 20:42:54,4
311,2,38,2024/12/02 23:25:32,2024/12/02 23:28:25,8
312,18,1,2024/09/01 5:43:04,2024/09/01 5:45:32,4
313,22,5,2024/06/09 8:37:11,2024/06/09 8:38:36,2
314,2,28,2024/08/21 17:45:58,2024/08/21 17:47:19,10
315,22,45,2024/12/08 10:54:27,2024/12/08 10:55:38,5
316,18,34,2024/08/05 16:38:38,2024/08/05 16:39:57,5
317,21,13,2024/06/09 21:42:21,2024/06/09 21:44:06,6
318,6,36,2024/10/13 6:02:17,2024/10/13 6:04:40,8
319,7,37,2024/08/19 8:22:09,2024/08/19 8:24:12,1
320,28,17,2024/11/22 19:36:41,2024/11/22 19:37:55,4
321,19,14,2024/05/11 2:07:39,2024/05/11 2:08:48,4
322,18,19,2024/01/20 17:12:24,2024/01/20 17:14:02,3
323,22,24,2024/03/07 8:40:21,2024/03/07 8:43:05,7
324,24,5,2024/12/03 14:23:25,2024/12/03 14:25:16,1
325,14,7,2024/05/15 8:12:25,2024/05/15 8:14:57,7
326,6,28,2024/10/29 6:19:45,2024/10/29 6:21:43,9
327,12,45,2024/01/02 19:03:23,2024/01/02 19:05:11,4
328,22,48,2024/07/16 16:32:08,2024/07/16 16:34:06,8
329,13,34,2024/10/22 13:52:48,2024/10/22 13:54:21,10
330,3,43,2024/02/26 12:25:28,2024/02/26 12:26:40,6
331,16,1,2024/03/25 6:17:40,2024/03/25 6:18:47,7
332,15,23,2024/07/28 18:16:00,2024/07/28 18:17:54,4
333,14,39,2024/04/06 22:26:34,2024/04/06 22:28:37,5
334,29,21,2024/08/08 17:05:57,2024/08/08 17:07:23,3
335,10,39,2024/05/21 4:55:37,2024/05/21 4:57:54,8
336,6,27,2024/05/01 18:13:21,2024/05/01 18:15:26,1
337,12,17,2024/02/04 23:37:55,2024/02/04 23:39:06,8
338,13,21,2024/12/06 3:57:16,2024/12/06 3:58:46,4
339,11,13,2024/04/26 15:35:11,2024/04/26 15:37:08,4
340,2,44,2024/08/28 21:39:13,2024/08/28 21:41:49,3
341,23,1,2024/11/21 4:08:07,2024/11/21 4:10:11,3
342,29,12,2024/07/19 13:39:15,2024/07/19 13:40:44,8
343,2,48,2024/09/04 19:47:31,2024/09/04 19:50:16,5
344,4,7,2024/04/22 15:05:00,2024/04/22 15:06:41,9
345,18,41,2024/06/12 16:31:15,2024/06/12 16:33:20,3
346,15,41,2024/06/13 11:39:58,2024/06/13 11:41:45,3
347,18,48,2024/07/07 11:39:42,2024/07/07 11:42:09,10
348,12,10,2024/07/27 11:35:40,2024/07/27 11:37:22,8
349,10,5,2024/06/16 6:45:04,2024/06/16 6:46:17,9
350,9,36,2024/01/14 3:48:21,2024/01/14 3:50:56,9
351,30,1,2024/07/05 18:31:31,2024/07/05 18:34:19,6
352,4,1,2024/02/18 21:22:08,2024/02/18 21:23:13,9
353,19,5,2024/10/14 14:50:57,2024/10/14 14:52:12,1
354,19,30,2024/10/09 2:50:01,2024/10/09 2:52:22,9
355,27,19,2024/01/27 12:22:25,2024/01/27 12:24:32,3
356,28,1,2024/08/13 1:16:16,2024/08/13 1:18:03,3
357,5,27,2024/08/25 23:46:01,2024/08/25 23:48:49,6
358,16,29,2024/02/29 5:35:03,2024/02/29 5:36:40,1
359,10,47,2024/06/19 12:32:16,2024/06/19 12:33:39,1
360,28,7,2024/02/28 8:04:16,2024/02/28 8:06:00,8
361,21,10,2024/06/30 13:58:11,2024/06/30 14:00:02,10
362,3,45,2024/09/22 16:30:44,2024/09/22 16:32:35,6
363,26,24,2024/07/21 4:15:02,2024/07/21 4:17:06,7
364,23,11,2024/03/26 2:04:00,2024/03/26 2:05:19,10
365,15,37,2024/05/01 18:48:01,2024/05/01 18:49:38,1
366,1,30,2024/01/14 6:54:01,2024/01/14 6:55:35,6
367,13,20,2024/10/07 9:36:19,2024/10/07 9:38:29,2
368,6,5,2024/10/10 19:08:19,2024/10/10 19:10:18,10
369,3,9,2023/12/29 7:17:16,2023/12/29 7:19:02,2
370,3,48,2024/07/25 8:00:53,2024/07/25 8:03:34,7
371,30,30,2024/05/14 8:50:48,2024/05/14 8:53:24,7
372,28,9,2024/08/19 19:00:15,2024/08/19 19:01:29,1
373,14,15,2024/08/25 18:50:18,2024/08/25 18:52:09,4
374,9,11,2024/01/21 10:16:24,2024/01/21 10:18:57,2
375,10,43,2024/03/06 1:33:33,2024/03/06 1:34:43,1
376,14,45,2024/12/05 19:53:33,2024/12/05 19:55:03,10
377,2,41,2024/03/07 0:39:19,2024/03/07 0:41:10,7
378,8,21,2024/10/26 0:48:20,2024/10/26 0:50:43,4
379,10,42,2024/08/05 19:47:48,2024/08/05 19:49:38,8
380,9,5,2024/10/08 1:04:47,2024/10/08 1:07:23,1
381,7,4,2024/09/25 4:59:19,2024/09/25 5:01:15,3
382,2,8,2024/10/19 20:10:11,2024/10/19 20:13:04,7
383,20,32,2024/12/17 10:05:51,2024/12/17 10:06:51,7
384,27,33,2024/01/24 15:00:26,2024/01/24 15:02:24,2
385,23,21,2024/03/23 5:43:27,2024/03/23 5:45:53,6
386,7,15,2024/12/12 17:42:41,2024/12/12 17:45:23,5
387,30,34,2024/11/16 12:32:55,2024/11/16 12:35:19,3
388,25,26,2024/10/05 15:21:39,2024/10/05 15:23:43,5
389,19,44,2024/06/09 1:30:39,2024/06/09 1:32:36,3
390,26,17,2024/08/07 2:57:25,2024/08/07 2:59:29,5
391,9,37,2024/02/24 14:30:10,2024/02/24 14:31:40,4
392,16,24,2024/09/15 4:31:12,2024/09/15 4:33:16,3
393,21,24,2024/05/01 11:05:15,2024/05/01 11:06:58,5
394,3,24,2024/09/21 9:35:59,2024/09/21 9:37:18,7
395,5,46,2024/03/14 6:56:55,2024/03/14 6:58:57,9
396,2,5,2024/08/06 4:36:05,2024/08/06 4:38:15,8
397,28,40,2024/01/11 14:41:22,2024/01/11 14:42:32,1
398,9,22,2024/06/21 18:18:56,2024/06/21 18:21:41,5
399,29,28,2024/10/05 10:16:26,2024/10/05 10:18:24,1
400,6,18,2024/11/07 3:43:10,2024/11/07 3:44:29,7
401,16,12,2024/04/24 2:46:07,2024/04/24 2:48:28,3
402,3,1,2024/10/16 19:46:25,2024/10/16 19:48:04,10
403,10,35,2024/09/10 9:23:46,2024/09/10 9:25:02,10
404,9,9,2024/06/28 18:40:22,2024/06/28 18:43:09,1
405,3,31,2024/09/27 17:34:57,2024/09/27 17:37:30,1
406,18,7,2024/10/23 7:13:30,2024/10/23 7:15:42,2
407,2,12,2024/06/29 1:35:08,2024/06/29 1:36:21,9
408,26,13,2024/10/25 23:43:20,2024/10/25 23:46:10,7
409,7,13,2024/08/22 23:29:03,2024/08/22 23:31:20,10
410,30,27,2024/07/20 10:49:42,2024/07/20 10:51:58,6
411,19,34,2024/07/17 1:12:15,2024/07/17 1:13:28,1
412,6,22,2024/03/03 13:33:44,2024/03/03 13:35:41,7
413,23,19,2024/03/19 19:05:40,2024/03/19 19:07:58,2
414,29,49,2024/05/29 18:12:41,2024/05/29 18:14:27,5
415,18,49,2024/10/01 12:13:20,2024/10/01 12:14:27,10
416,9,2,2024/01/06 8:05:43,2024/01/06 8:08:10,9
417,15,31,2024/07/07 23:40:30,2024/07/07 23:42:30,2
418,6,24,2024/05/28 19:54:47,2024/05/28 19:56:50,7
419,29,32,2024/03/20 0:54:12,2024/03/20 0:56:32,3
420,12,38,2024/05/12 3:47:01,2024/05/12 3:49:26,8
421,23,37,2024/01/15 9:16:06,2024/01/15 9:18:10,3
422,6,17,2024/05/07 7:12:33,2024/05/07 7:14:05,7
423,20,8,2024/09/09 15:00:48,2024/09/09 15:02:30,4
424,4,6,2024/11/03 7:48:22,2024/11/03 7:49:28,2
425,10,15,2024/12/02 16:51:28,2024/12/02 16:52:39,9
426,13,10,2024/05/10 18:53:35,2024/05/10 18:55:29,10
427,15,42,2024/10/07 16:13:56,2024/10/07 16:15:13,1
428,22,39,2024/07/22 10:31:40,2024/07/22 10:34:28,1
429,9,4,2024/03/19 2:50:00,2024/03/19 2:51:38,1
430,7,16,2024/04/26 3:43:37,2024/04/26 3:45:37,8
431,21,6,2024/03/21 12:10:20,2024/03/21 12:12:19,8
432,7,49,2024/12/04 0:01:06,2024/12/04 0:02:26,2
433,7,31,2024/11/06 0:52:56,2024/11/06 0:54:38,7
434,26,36,2023/12/31 16:44:24,2023/12/31 16:46:28,9
435,8,7,2024/11/07 19:08:03,2024/11/07 19:09:26,7
436,2,26,2024/10/07 9:26:22,2024/10/07 9:28:42,1
437,21,11,2024/08/19 19:12:42,2024/08/19 19:14:46,9
438,29,9,2024/12/02 14:40:32,2024/12/02 14:43:07,3
439,8,4,2024/11/09 18:39:47,2024/11/09 18:42:18,6
440,3,39,2024/02/19 18:53:06,2024/02/19 18:54:07,8
441,27,37,2024/04/30 21:14:50,2024/04/30 21:16:58,2
442,11,11,2024/02/22 20:12:49,2024/02/22 20:15:15,5
443,18,35,2024/01/29 20:58:36,2024/01/29 21:01:07,8
444,12,28,2024/10/29 9:21:56,2024/10/29 9:23:51,5
445,23,17,2024/05/22 20:50:50,2024/05/22 20:53:00,1
446,20,3,2024/04/21 9:06:53,2024/04/21 9:09:10,4
447,24,48,2024/07/29 21:17:08,2024/07/29 21:19:20,1
448,23,32,2024/12/17 6:34:05,2024/12/17 6:35:31,1
449,5,4,2024/04/07 20:30:15,2024/04/07 20:31:52,7
450,23,1,2024/03/21 22:30:13,2024/03/21 22:32:55,3
451,29,26,2024/08/20 10:48:44,2024/08/20 10:50:20,9
452,17,15,2024/10/06 7:19:49,2024/10/06 7:21:59,4
453,4,5,2024/01/01 12:16:55,2024/01/01 12:19:31,5
454,11,30,2024/07/20 4:51:37,2024/07/20 4:54:26,8
455,8,47,2024/02/01 4:03:15,2024/02/01 4:04:37,3
456,24,18,2024/03/20 9:07:53,2024/03/20 9:10:35,5
457,25,3,2024/12/01 12:54:06,2024/12/01 12:56:59,1
458,15,25,2024/03/21 16:29:14,2024/03/21 16:32:06,4
459,9,3,2024/09/06 15:16:29,2024/09/06 15:17:38,9
460,26,25,2024/08/07 23:25:27,2024/08/07 23:26:42,6
461,14,17,2024/04/13 18:54:16,2024/04/13 18:56:19,7
462,22,42,2024/07/25 8:34:42,2024/07/25 8:36:44,10
463,5,38,2024/08/22 4:54:57,2024/08/22 4:57:42,2
464,6,32,2024/11/15 16:40:44,2024/11/15 16:42:10,10
465,15,48,2024/08/09 2:38:58,2024/08/09 2:41:36,3
466,27,34,2024/10/13 20:28:46,2024/10/13 20:30:14,5
467,21,1,2024/08/20 11:25:59,2024/08/20 11:28:22,4
468,5,27,2024/05/10 21:16:19,2024/05/10 21:19:01,2
469,7,33,2024/11/07 12:44:59,2024/11/07 12:46:35,1
470,6,13,2024/04/11 13:46:58,2024/04/11 13:49:31,5
471,12,23,2024/03/31 20:13:35,2024/03/31 20:15:28,9
472,30,17,2024/06/20 3:57:12,2024/06/20 3:59:43,5
473,3,8,2024/01/19 22:19:50,2024/01/19 22:21:59,5
474,16,23,2024/06/23 4:33:02,2024/06/23 4:34:03,3
475,11,49,2024/05/08 7:39:27,2024/05/08 7:42:09,3
476,5,27,2024/11/11 19:01:09,2024/11/11 19:02:35,2
477,10,20,2024/08/24 20:52:47,2024/08/24 20:54:48,4
478,27,43,2024/09/18 2:23:50,2024/09/18 2:25:39,1
479,12,39,2024/10/14 21:03:07,2024/10/14 21:05:11,6
480,5,12,2024/01/07 17:14:20,2024/01/07 17:16:40,7
481,15,29,2024/12/21 9:10:17,2024/12/21 9:12:24,4
482,30,38,2024/09/28 17:04:54,2024/09/28 17:06:05,1
483,5,7,2024/09/27 15:44:30,2024/09/27 15:45:48,10
484,14,24,2023/12/25 7:46:02,2023/12/25 7:47:24,10
485,5,9,2024/10/11 9:11:25,2024/10/11 9:12:47,7
486,11,11,2024/04/10 21:10:11,2024/04/10 21:11:15,7
487,11,3,2024/06/23 15:35:07,2024/06/23 15:37:10,9
488,27,11,2024/09/16 18:59:51,2024/09/16 19:01:06,7
489,14,1,2024/07/09 7:50:29,2024/07/09 7:52:33,3
490,22,37,2024/04/23 4:54:12,2024/04/23 4:57:05,1
491,7,24,2024/04/11 1:56:41,2024/04/11 1:59:03,4
492,21,47,2024/06/06 13:42:37,2024/06/06 13:45:00,9
493,19,12,2024/09/07 11:43:32,2024/09/07 11:46:16,5
494,9,45,2024/12/16 20:05:25,2024/12/16 20:06:39,4
495,25,23,2024/11/22 4:44:37,2024/11/22 4:46:47,2
496,13,5,2024/07/23 17:54:20,2024/07/23 17:57:03,10
497,26,30,2024/01/22 20:42:23,2024/01/22 20:45:08,10
498,6,27,2024/11/05 13:18:57,2024/11/05 13:21:11,1
499,5,47,2024/07/27 22:01:49,2024/07/27 22:02:50,4
500,6,26,2024/05/13 10:09:58,2024/05/13 10:12:42,2
501,15,41,2024/11/01 2:37:23,2024/11/01 2:38:50,10
502,7,17,2024/08/05 4:44:33,2024/08/05 4:45:44,7
503,2,29,2024/05/28 4:04:05,2024/05/28 4:05:29,3
504,6,5,2024/08/09 5:07:42,2024/08/09 5:09:42,9
505,16,41,2024/02/05 14:59:23,2024/02/05 15:01:04,6
506,21,31,2024/09/02 9:50:52,2024/09/02 9:52:43,8
507,19,41,2024/04/24 16:43:20,2024/04/24 16:44:20,3
508,15,27,2024/07/15 7:56:48,2024/07/15 7:58:58,4
509,15,29,2024/11/10 22:24:12,2024/11/10 22:26:54,6
510,12,9,2024/09/06 5:53:49,2024/09/06 5:55:11,9
511,22,31,2024/07/08 21:07:08,2024/07/08 21:08:19,2
512,10,45,2024/03/04 15:28:55,2024/03/04 15:30:41,2
513,28,7,2024/07/02 13:42:31,2024/07/02 13:44:24,8
514,10,49,2024/04/13 20:30:11,2024/04/13 20:32:14,3
515,9,46,2024/04/18 17:33:46,2024/04/18 17:35:58,6
516,26,31,2024/08/19 2:16:24,2024/08/19 2:18:25,1
517,16,47,2024/11/26 1:15:00,2024/11/26 1:17:04,7
518,19,45,2024/11/28 14:17:36,2024/11/28 14:19:04,8
519,16,33,2024/12/19 21:44:06,2024/12/19 21:46:46,8
520,19,44,2024/06/15 9:58:59,2024/06/15 10:00:15,5
521,7,20,2024/12/03 20:45:20,2024/12/03 20:47:30,10
522,7,48,2024/10/05 12:16:35,2024/10/05 12:18:39,9
523,6,25,2024/02/27 3:57:52,2024/02/27 3:59:58,5
524,19,30,2024/05/21 10:23:24,2024/05/21 10:24:58,2
525,16,41,2023/12/30 13:09:01,2023/12/30 13:11:31,1
526,28,30,2024/06/30 14:52:28,2024/06/30 14:54:20,2
527,9,22,2024/01/14 18:23:35,2024/01/14 18:25:44,3
528,19,42,2024/08/20 6:18:39,2024/08/20 6:20:32,1
529,2,32,2024/03/19 16:24:42,2024/03/19 16:27:07,10
530,17,43,2024/08/19 21:35:06,2024/08/19 21:36:25,3
531,10,35,2024/11/30 0:42:18,2024/11/30 0:44:23,1
532,7,17,2024/02/26 7:18:48,2024/02/26 7:21:39,9
533,19,43,2024/08/02 16:43:12,2024/08/02 16:44:31,4
534,5,22,2024/05/03 8:00:50,2024/05/03 8:02:37,2
535,9,37,2024/01/18 18:20:21,2024/01/18 18:21:41,10
536,18,20,2024/10/13 19:45:36,2024/10/13 19:48:07,9
537,6,20,2024/04/21 14:43:41,2024/04/21 14:45:13,10
538,11,23,2023/12/31 9:17:39,2023/12/31 9:20:05,9
539,19,32,2024/02/14 12:23:48,2024/02/14 12:25:42,10
540,28,45,2024/03/18 7:37:58,2024/03/18 7:40:41,1
541,27,7,2024/03/27 0:56:19,2024/03/27 0:58:46,1
542,29,43,2024/05/25 3:16:28,2024/05/25 3:19:19,10
543,12,20,2024/06/27 23:15:35,2024/06/27 23:18:27,5
544,9,3,2024/06/13 4:50:51,2024/06/13 4:53:17,3
545,5,20,2024/07/14 19:24:30,2024/07/14 19:25:45,9
546,11,49,2024/10/17 10:52:22,2024/10/17 10:54:04,6
547,11,16,2024/09/13 4:01:22,2024/09/13 4:03:28,2
548,26,11,2024/08/15 10:56:18,2024/08/15 10:58:44,8
549,12,11,2024/09/08 21:03:55,2024/09/08 21:05:27,9
550,22,39,2024/05/03 0:48:32,2024/05/03 0:50:06,2
551,24,32,2024/10/17 6:26:48,2024/10/17 6:27:56,3
552,26,26,2024/01/21 23:20:16,2024/01/21 23:23:01,8
553,22,19,2024/07/24 1:44:20,2024/07/24 1:46:05,5
554,6,3,2024/03/29 22:07:50,2024/03/29 22:09:53,5
555,1,9,2024/06/18 18:14:35,2024/06/18 18:16:46,2
556,29,19,2024/09/16 9:01:40,2024/09/16 9:03:55,5
557,16,22,2024/12/22 0:48:56,2024/12/22 0:50:08,10
558,21,4,2024/05/25 0:58:07,2024/05/25 1:00:11,7
559,26,19,2024/05/11 5:23:21,2024/05/11 5:24:47,3
560,25,41,2024/12/06 12:06:09,2024/12/06 12:07:57,6
561,5,3,2024/09/25 20:31:10,2024/09/25 20:33:17,6
562,4,41,2024/09/24 11:38:59,2024/09/24 11:40:46,10
563,10,11,2024/01/23 7:02:06,2024/01/23 7:03:19,6
564,27,22,2024/12/02 18:53:46,2024/12/02 18:56:37,3
565,20,36,2024/04/02 3:02:51,2024/04/02 3:04:55,9
566,22,28,2024/03/04 5:35:01,2024/03/04 5:37:08,9
567,5,36,2024/07/31 11:19:19,2024/07/31 11:21:04,10
568,28,4,2024/01/07 17:28:51,2024/01/07 17:30:42,3
569,11,15,2024/06/05 5:47:31,2024/06/05 5:49:34,9
570,11,10,2024/01/02 19:56:46,2024/01/02 19:59:30,3
571,6,39,2024/10/17 18:51:21,2024/10/17 18:52:39,1
572,22,2,2024/03/21 1:45:44,2024/03/21 1:47:58,2
573,22,41,2024/07/28 19:02:39,2024/07/28 19:05:11,9
574,30,22,2024/03/16 18:52:25,2024/03/16 18:55:08,6
575,19,3,2024/08/10 17:50:49,2024/08/10 17:53:20,3
576,28,4,2024/10/21 12:56:12,2024/10/21 12:57:17,5
577,18,3,2024/12/03 8:16:54,2024/12/03 8:18:35,8
578,9,12,2024/03/28 3:18:57,2024/03/28 3:21:14,6
579,18,1,2024/01/02 2:25:56,2024/01/02 2:27:01,7
580,16,23,2024/05/30 0:41:19,2024/05/30 0:44:07,5
581,6,12,2024/08/22 18:25:46,2024/08/22 18:26:52,1
582,25,2,2024/10/10 18:46:27,2024/10/10 18:47:32,4
583,12,29,2024/11/09 2:39:27,2024/11/09 2:41:06,10
584,29,31,2024/01/17 22:51:58,2024/01/17 22:53:36,8
585,17,28,2024/06/25 14:58:41,2024/06/25 15:01:30,3
586,25,32,2024/11/27 15:14:07,2024/11/27 15:16:39,9
587,1,46,2024/08/08 13:41:01,2024/08/08 13:42:10,3
588,17,37,2024/01/23 5:11:10,2024/01/23 5:12:20,10
589,29,16,2024/07/27 0:53:26,2024/07/27 0:55:14,2
590,9,30,2024/04/05 2:49:44,2024/04/05 2:50:49,3
591,13,17,2024/07/02 22:07:26,2024/07/02 22:10:00,5
592,7,49,2024/12/14 22:23:06,2024/12/14 22:24:21,4
593,4,14,2024/02/04 17:06:31,2024/02/04 17:09:07,2
594,4,30,2024/05/16 9:51:12,2024/05/16 9:52:53,10
595,18,21,2024/09/14 22:29:55,2024/09/14 22:31:42,1
596,5,27,2024/03/01 15:16:47,2024/03/01 15:18:48,2
597,25,38,2024/07/28 9:08:17,2024/07/28 9:09:49,2
598,17,31,2024/09/19 4:30:54,2024/09/19 4:32:04,2
599,12,4,2024/08/13 11:02:20,2024/08/13 11:04:58,6
600,5,5,2024/01/14 8:36:44,2024/01/14 8:39:37,8